energy_MeV,h10_pSv_cm2
1.00e-9,6.60
1.00e-8,9.00
2.53e-8,10.6
1.00e-7,12.9
2.00e-7,13.5
5.00e-7,13.6
1.00e-6,13.3
2.00e-6,12.9
5.00e-6,12.0
1.00e-5,11.3
2.00e-5,10.6
5.00e-5,9.90
1.00e-4,9.40
2.00e-4,8.90
5.00e-4,8.30
1.00e-3,7.90
2.00e-3,7.70
5.00e-3,8.00
1.00e-2,10.5
2.00e-2,16.6
3.00e-2,23.7
5.00e-2,41.1
7.00e-2,60.0
1.00e-1,88.0
1.50e-1,132
2.00e-1,170
3.00e-1,233
5.00e-1,322
7.00e-1,375
9.00e-1,400
1.00,416
1.20,425
2.00,420
3.00,412
4.00,408
5.00,405
6.00,400
7.00,405
8.00,409
9.00,420
10.0,440
12.0,480
14.0,520
15.0,540
16.0,555
18.0,570
20.0,600
30.0,515
50.0,400
75.0,330
100,285
125,260
150,245
175,250
201,260